topic,title,url,image_url
news,No title,No link,https://www.globalconstructionreview.com/wp-content/uploads/2025/05/mald1-600x338.jpg
news,No title,No link,https://www.globalconstructionreview.com/wp-content/uploads/2025/05/egis-600x338.jpg
news,No title,No link,https://www.globalconstructionreview.com/wp-content/uploads/2025/05/raj-600x338.jpg
news,No title,No link,https://www.globalconstructionreview.com/wp-content/uploads/2025/05/san-600x338.jpg
news,No title,No link,https://www.globalconstructionreview.com/wp-content/uploads/2025/05/120525-Ontario-Darlington-site-600x338.jpg
news,No title,No link,https://www.globalconstructionreview.com/wp-content/uploads/2025/05/120525-Cabal-Cafe-espresso-600x338.jpg
news,No title,No link,https://www.globalconstructionreview.com/wp-content/uploads/2025/05/mamm-600x338.jpg
news,No title,No link,https://www.globalconstructionreview.com/wp-content/uploads/2025/05/dreamstime_m_31714963-600x338.jpg
news,No title,No link,https://www.globalconstructionreview.com/wp-content/uploads/2025/05/Olympic-Village-Munich-600x338.jpg
news,No title,No link,https://www.globalconstructionreview.com/wp-content/uploads/2025/05/080525-Skanska-blast-600x338.jpg
markets,No title,No link,https://www.globalconstructionreview.com/wp-content/uploads/2025/04/dreamstime_s_145861739-600x338.jpg
markets,No title,No link,https://www.globalconstructionreview.com/wp-content/uploads/2025/03/070325-Trump-speech-600x338.jpg
markets,No title,No link,https://www.globalconstructionreview.com/wp-content/uploads/2025/01/150125-Carola-collapse-600x338.jpg
markets,No title,No link,https://www.globalconstructionreview.com/wp-content/uploads/2024/12/061224-Helsinki-tram-snow.jpg--600x338.jpg
markets,No title,No link,https://www.globalconstructionreview.com/wp-content/uploads/2024/06/dreamstime_s_111544548-600x338.jpg
markets,No title,No link,https://www.globalconstructionreview.com/wp-content/uploads/2024/06/140624-K-food-noodles-600x338.jpg
markets,No title,No link,https://www.globalconstructionreview.com/wp-content/uploads/2024/06/car-600x338.jpg
markets,No title,No link,https://www.globalconstructionreview.com/wp-content/uploads/2024/04/london-600x338.jpg
markets,No title,No link,https://www.globalconstructionreview.com/wp-content/uploads/2024/04/dreamstime_s_113597825-600x338.jpg
markets,No title,No link,https://www.globalconstructionreview.com/wp-content/uploads/2024/03/ahoooooo-600x338.jpg
perspectives,No title,No link,https://www.globalconstructionreview.com/wp-content/uploads/2025/04/brook-jpg-600x338.jpg
perspectives,No title,No link,https://www.globalconstructionreview.com/wp-content/uploads/2025/04/dreamstime_s_77779211-600x338.jpg
perspectives,No title,No link,https://www.globalconstructionreview.com/wp-content/uploads/2025/04/20250328-21CC-episode-art-600x338.jpg
perspectives,No title,No link,https://www.globalconstructionreview.com/wp-content/uploads/2025/01/20250117-21CC-episode-art-600x338.jpg
perspectives,No title,No link,https://www.globalconstructionreview.com/wp-content/uploads/2024/11/071024-Tobias-selfie-600x338.jpg
perspectives,No title,No link,https://www.globalconstructionreview.com/wp-content/uploads/2024/11/201124-21CC-pic-600x338.jpg
perspectives,No title,No link,https://www.globalconstructionreview.com/wp-content/uploads/2024/11/151124-Dawn-pic-1-600x338.jpg
perspectives,No title,No link,https://www.globalconstructionreview.com/wp-content/uploads/2024/09/190924-Podcast-pic-600x338.jpg
perspectives,No title,No link,https://www.globalconstructionreview.com/wp-content/uploads/2024/08/Megaprojects-21CC-episode-art-600x338.jpg
perspectives,No title,No link,https://www.globalconstructionreview.com/wp-content/uploads/2024/06/070624-Manifesto-Will-Arnold-600x338.jpeg
projects,No title,No link,https://www.globalconstructionreview.com/wp-content/uploads/2025/05/Webuild-TBM-600x338.jpeg
projects,No title,No link,https://www.globalconstructionreview.com/wp-content/uploads/2025/03/260325-La-cupola-600x338.jpg
projects,No title,No link,https://www.globalconstructionreview.com/wp-content/uploads/2025/03/140325-Amsterdam-Bijlmerbajes-600x338.jpg
projects,No title,No link,https://www.globalconstructionreview.com/wp-content/uploads/2025/03/100325-Mam-lift-Main-600x338.jpg
projects,No title,No link,https://www.globalconstructionreview.com/wp-content/uploads/2025/02/100225-KCAP-render-1-600x338.jpg
projects,No title,No link,https://www.globalconstructionreview.com/wp-content/uploads/2024/12/091224-Amsterdam-aerial-600x338.jpg
projects,No title,No link,https://www.globalconstructionreview.com/wp-content/uploads/2024/11/081124-BMW-site-pic-600x338.jpg
projects,No title,No link,https://www.globalconstructionreview.com/wp-content/uploads/2024/10/211024-Cowi-bridge-pic-1-600x338.jpg
projects,No title,No link,https://www.globalconstructionreview.com/wp-content/uploads/2024/07/240724-Biden-kicks-off-1-1-600x338.jpeg
projects,No title,No link,https://www.globalconstructionreview.com/wp-content/uploads/2024/07/180724-Myrtha-1-600x338.jpg
